s0,s10,s90,s90d
51,40,99,75
54,69,249,248
50,34,41,64
56,68,249,248
105,150,73,248
58,41,249,248
61,41,249,248
74,55,53,162
145,142,249,248
55,34,158,142
74,46,41,111
109,252,249,248
52,77,249,180
81,132,249,248
76,52,59,166
111,216,18,218
46,45,5,0
97,52,23,2
72,64,249,248
251,194,249,248
84,169,249,248
39,40,5,0
30,30,3,2
100,79,64,6
106,97,126,17
74,48,51,128
128,210,249,248
95,82,99,26
98,76,70,17
66,47,7,6
27,32,4,2
14,4,39,6
47,43,16,9
98,82,83,10
69,45,18,1
105,85,101,12
73,46,42,127
252,252,249,248
186,251,249,248
69,52,16,0
94,51,17,9
58,60,6,5
103,94,124,10
106,50,34,8
134,112,117,17
97,81,119,15
83,99,148,81
39,28,4,0
129,71,24,0
106,78,77,16
100,63,108,12
65,49,10,1
82,81,80,39
54,37,10,1
78,37,42,4
46,38,7,0
36,42,9,2
57,45,5,0
30,26,4,3
99,80,71,10
93,76,66,6
110,89,127,26
42,35,7,0
74,45,37,121
97,72,77,6
90,87,56,38
117,133,179,38
41,27,10,0
49,36,13,3
63,22,15,0
51,48,10,0
85,88,62,33
43,40,9,4
93,64,45,11
105,83,114,13
66,74,249,248
45,42,6,0
64,96,84,25
102,88,85,12
34,32,11,0
29,41,6,0
32,22,14,2
97,85,77,11
74,47,41,145
249,252,249,248
127,251,249,248
45,45,5,0
96,64,88,20
52,46,9,0
51,48,6,2
32,39,4,2
104,55,12,4
35,30,13,0
49,40,8,0
106,92,151,18
107,80,119,20
97,93,121,24
74,48,46,139
248,252,249,248
250,251,249,248
90,78,83,53
95,72,108,52
78,53,39,171
105,252,249,248
34,38,3,0
99,85,66,7
102,75,88,9
41,45,3,4
39,36,9,1
101,84,117,16
54,34,11,0
88,90,94,20
56,94,132,75
73,48,49,133
249,252,249,248
182,251,249,248
43,41,9,0
30,20,8,0
107,88,137,15
69,30,6,1
40,34,2,0
102,79,69,13
24,26,4,0
101,89,130,23
93,116,130,66
69,41,18,7
41,37,5,0
48,44,8,2
109,89,114,24
54,41,7,0
90,86,84,13
105,93,92,12
49,44,7,1
91,86,89,8
36,35,4,0
96,74,72,9
46,36,11,4
96,72,71,9
95,87,87,13
79,42,8,2
100,94,101,15
52,43,8,4
114,84,86,9
43,41,5,0
111,71,98,23
110,47,22,3
39,38,6,0
97,71,97,11
104,70,90,9
102,76,84,10
19,28,11,1
29,28,4,0
29,29,5,3
79,55,57,5
75,51,55,136
252,252,249,248
251,251,249,248
97,84,82,17
100,61,31,1
33,28,2,2
51,39,11,0
94,77,115,19
101,70,94,27
85,79,72,8
78,82,69,42
11,13,3,3
106,87,98,14
29,29,5,1
94,85,108,17
57,44,3,0
101,81,76,6
53,35,12,2
37,30,7,0
33,26,0,3
35,28,10,3
46,37,6,5
46,37,8,1
33,24,7,2
97,69,68,4
42,37,8,4
86,66,71,54
112,74,76,6
101,97,102,8
49,36,14,2
97,57,14,0
93,57,16,0
93,70,86,15
67,41,13,5
43,37,3,0
74,95,103,55
87,72,89,12
50,51,5,3
88,75,63,6
14,21,9,10
76,52,145,58
88,92,161,22
85,81,79,11
73,46,51,126
252,251,249,248
134,251,249,248
98,72,91,13
95,94,91,11
43,36,3,4
85,84,81,61
98,78,78,16
97,79,81,14
105,84,89,19
98,59,65,16
109,47,29,3
50,42,12,0
89,50,13,3
41,34,12,1
105,77,79,13
51,40,5,3
39,36,7,0
102,73,106,16
100,82,112,16
93,66,70,9
28,36,8,0
115,81,89,6
96,103,74,4
44,35,5,1
31,26,5,3
99,85,98,12
104,85,77,10
38,31,13,0
88,73,64,9
75,51,49,158
250,252,249,248
54,251,249,248
124,251,249,248
100,70,74,7
104,71,95,3
34,27,12,1
57,38,10,0
112,84,110,22
55,38,11,2
75,90,104,74
68,83,95,71
44,33,7,0
46,56,10,0
123,100,139,15
76,85,47,31
97,96,83,13
110,80,93,14
90,75,63,11
70,70,15,5
38,34,8,1
42,40,7,0
106,82,112,16
97,72,39,0
110,86,94,16
99,71,64,6
107,65,75,8
109,57,16,0
98,83,89,22
97,59,43,1
48,35,8,2
115,82,134,16
98,88,93,6
105,76,80,9
52,40,11,0
46,36,12,1
80,80,51,44
105,74,83,13
131,65,94,17
49,42,8,0
102,57,23,1
90,83,70,12
56,39,7,3
47,33,6,0
38,38,9,4
95,78,74,7
97,84,73,11
26,23,12,0
39,30,10,0
109,85,86,17
34,34,3,0
92,82,61,12
38,30,9,0
92,84,83,15
34,19,16,0
115,70,130,23
56,41,7,0
39,32,4,0
40,30,14,0
57,66,102,17
32,28,9,2
74,52,55,163
118,250,249,248
94,150,64,3
105,67,83,8
104,77,104,29
47,36,15,0
112,89,69,14
45,37,7,0
105,84,99,13
105,68,97,21
79,84,78,32
93,54,24,1
31,28,6,2
34,38,1,7
54,36,10,0
46,39,10,0
85,103,122,82
108,69,71,11
41,32,6,0
30,36,4,3
103,33,27,0
31,46,32,11
105,84,136,21
86,71,55,8
56,36,13,6
95,72,78,13
53,31,14,1
49,38,4,0
32,36,2,0
75,47,8,0
59,119,123,68
32,27,5,3
78,60,102,50
36,30,8,0
115,92,144,33
36,28,7,0
38,35,11,1
105,87,111,6
109,83,82,7
64,48,5,0
67,35,9,1
101,74,89,12
48,40,10,0
91,78,71,14
48,40,8,3
106,81,135,19
20,24,12,3
38,34,4,0
33,28,3,1
51,36,11,4
104,80,96,24
47,27,8,0
81,77,53,7
34,44,7,4
43,59,0,0
133,68,117,25
85,77,76,3
87,44,22,4
43,40,11,0
97,75,87,14
108,86,113,31
32,31,4,0
99,74,105,10
77,94,121,107
103,75,82,18
107,84,96,14
39,37,4,1
31,32,6,0
35,36,9,3
94,70,106,15
87,64,49,10
100,56,27,1
93,71,72,2
61,33,10,6
103,50,24,0
74,89,80,66
111,63,30,6
52,34,12,0
43,42,7,0
98,71,106,11
43,37,3,6
80,84,76,12
98,81,65,10
38,30,5,0
37,37,1,0
116,85,122,10
100,87,115,15
101,71,85,12
111,85,160,15
111,85,123,24
132,62,149,20
36,38,8,0
43,41,6,2
85,82,104,54
101,74,87,22
41,35,7,0
93,50,37,0
113,75,105,23
91,80,92,16
28,26,10,6
96,68,85,10
40,37,6,0
109,98,106,14
93,44,30,3
104,55,36,0
52,36,7,1
78,83,58,29
108,97,120,16
108,80,100,8
94,94,75,13
35,35,3,0
95,79,139,26
45,34,5,2
101,55,23,5
99,78,67,10
109,90,107,18
105,83,112,12
28,16,10,4
45,31,12,1
20,18,2,2
85,67,72,10
103,73,85,10
34,27,9,0
36,28,4,1
33,26,9,0
31,25,6,0
105,67,95,13
52,42,9,3
118,79,116,11
89,65,49,20
104,76,68,7
47,20,8,0
73,76,100,43
37,32,9,0
104,75,90,9
87,66,48,10
65,95,128,69
111,80,74,11
98,68,72,14
103,82,89,11
38,35,11,0
109,80,90,7
76,81,82,61
41,32,8,2
110,80,138,15
96,64,62,8
116,79,118,13
95,72,66,10
58,47,15,4
112,81,104,21
101,75,96,17
36,19,109,11
46,33,8,4
83,104,107,56
99,82,80,21
94,76,77,9
103,84,103,14
90,51,26,4
112,76,106,20
101,75,134,26
32,25,14,0
29,29,4,1
86,47,22,1
93,85,96,17
97,68,218,88
49,37,8,0
47,37,9,0
38,38,10,1
88,74,71,15
41,33,9,4
96,72,73,9
35,34,4,0
49,38,11,2
29,24,2,0
27,26,13,0
101,83,104,18
30,36,7,0
110,84,131,21
38,36,2,0
104,53,29,4
103,82,105,19
43,42,6,0
34,27,5,1
45,44,6,0
90,64,67,5
30,22,7,5
22,18,11,1
25,23,4,0
38,34,7,2
44,35,8,5
47,37,10,0
49,40,4,3
100,87,125,35
36,34,9,4
38,17,11,0
108,81,120,19
48,33,5,3
101,80,123,21
39,36,39,1
113,81,120,20
117,59,101,11
84,73,91,36
110,76,88,11
105,71,82,18
40,30,10,0
100,77,108,19
106,73,85,8
36,32,5,2
42,27,63,5
94,75,113,26
51,37,10,0
72,92,97,49
42,32,9,0
104,64,87,11
55,40,7,0
86,72,56,7
100,91,114,14
85,73,110,82
34,25,5,0
103,75,79,13
34,29,6,1
77,85,108,57
91,47,20,0
105,100,126,15
96,60,133,17
93,47,21,7
35,33,10,0
42,34,7,0
75,99,98,70
103,73,100,14
118,75,113,17
69,95,86,62
94,80,137,9
107,47,21,5
30,33,2,0
48,30,13,0
106,78,94,14
46,31,11,0
31,27,6,3
16,9,124,69
50,38,11,0
108,87,124,14
63,39,8,0
100,76,95,22
77,74,76,51
74,60,84,3
101,80,64,5
47,42,6,1
75,45,43,118
249,252,249,248
132,251,249,248
100,72,135,21
42,27,10,0
30,30,4,0
104,69,98,11
112,70,113,18
101,50,28,2
110,74,84,9
102,77,105,19
97,68,64,4
105,82,97,15
113,72,166,18
92,45,26,0
37,32,3,4
80,86,93,39
28,27,5,2
96,37,19,4
92,58,20,2
92,86,104,20
99,82,99,23
97,85,86,12
15,17,10,0
99,72,60,10
70,88,80,44
36,37,8,1
39,35,9,0
46,32,11,4
38,29,13,4
85,59,89,12
98,71,81,16
53,48,9,3
106,78,154,18
34,35,3,2
45,32,15,3
102,69,87,4
37,32,5,3
111,76,87,12
36,27,18,2
96,78,63,11
109,89,108,14
43,30,13,4
25,25,8,0
41,33,14,2
95,60,19,2
61,36,13,0
106,85,117,17
38,28,6,2
103,79,88,9
68,74,54,50
44,32,14,2
35,32,5,0
46,33,12,0
96,72,98,12
116,84,133,10
48,33,8,1
90,94,81,44
112,97,117,9
50,30,5,3
27,27,11,0
35,39,3,0
99,79,118,29
99,82,133,31
17,14,7,1
38,28,13,0
90,49,16,0
91,90,82,6
95,78,61,10
40,32,10,3
45,30,5,1
73,92,69,29
48,39,9,0
47,32,11,3
104,94,95,13
50,29,10,0
116,73,86,11
49,29,10,1
37,27,5,0
36,35,3,2
99,99,108,28
59,47,10,0
114,90,100,27
44,30,12,0
100,77,82,15
44,80,88,3
35,29,5,0
83,61,43,7
91,74,88,13
68,42,19,0
105,77,120,18
36,39,8,0
92,83,84,31
51,29,12,3
99,77,67,18
98,78,75,5
41,33,10,3
106,73,106,21
37,35,8,0
102,89,88,19
48,28,6,0
26,24,7,1
98,71,80,13
108,87,75,8
78,46,11,0
38,25,9,5
36,27,15,1
112,71,78,9
54,49,10,0
38,36,9,0
112,92,113,20
107,82,123,14
104,46,36,1
118,79,124,15
92,81,97,11
104,75,105,19
98,72,66,12
108,69,91,14
29,27,6,0
102,80,139,18
108,105,140,16
56,84,91,94
106,88,125,14
52,38,6,0
108,58,32,7
111,83,100,18
36,38,9,0
46,33,4,0
119,70,110,11
89,71,63,10
105,72,90,19
53,31,10,2
124,76,121,16
36,29,5,2
34,36,5,0
34,32,3,0
93,72,83,15
123,72,87,10
33,24,5,3
33,26,11,0
93,74,86,10
66,68,64,26
99,80,91,10
94,72,92,14
111,94,130,24
86,69,68,12
104,93,114,21
95,81,88,10
91,44,37,6
80,72,87,55
73,109,91,62
45,38,7,3
24,29,8,0
38,26,8,2
43,37,9,4
97,43,27,4
88,80,84,17
101,70,111,11
34,31,7,0
57,43,9,0
102,78,93,26
39,31,6,2
75,79,96,62
10,12,3,2
110,84,87,22
34,32,6,0
120,62,103,11
111,80,116,16
19,24,6,0
37,36,9,0
44,32,9,0
98,74,105,14
38,27,14,0
52,42,15,0
41,34,6,1
101,49,100,6
68,37,16,5
92,56,30,4
34,38,7,0
33,24,13,8
51,31,10,2
110,67,72,13
45,38,9,2
33,28,5,0
88,68,56,8
34,41,12,3
110,79,81,13
101,63,85,8
95,75,110,26
109,73,89,6
29,14,13,3
93,81,85,14
40,32,10,0
76,42,31,7
50,40,6,3
99,78,59,6
61,85,119,83
37,28,3,0
84,71,75,13
95,48,22,3
97,78,60,9
79,77,100,61
45,28,12,5
112,74,96,21
31,31,5,6
89,54,32,3
94,79,82,12
71,70,51,34
93,74,69,6
100,75,102,19
12,14,14,0
43,36,7,5
30,22,14,4
106,72,89,11
109,77,109,10
87,37,20,2
103,94,102,21
41,33,5,0
99,94,129,15
100,72,124,30
94,82,71,7
86,66,55,9
48,35,15,1
90,60,83,8
113,92,75,10
104,83,91,20
46,39,11,5
93,86,105,14
53,39,8,0
70,82,75,44
103,80,97,10
50,30,18,2
105,81,117,6
34,25,7,0
106,72,95,7
41,30,12,0
45,36,9,0
19,24,11,0
28,26,4,6
96,71,93,6
109,71,135,37
115,68,114,22
40,26,9,2
42,33,14,4
93,54,23,4
27,25,8,0
69,38,16,2
103,76,84,7
111,70,87,14
106,74,97,21
36,31,12,0
80,73,48,31
99,46,18,0
73,50,23,2
36,30,6,2
90,89,104,7
91,72,63,6
100,91,97,7
95,72,99,18
101,75,77,8
51,33,11,0
36,26,7,5
69,61,44,1
44,32,10,0
102,71,115,19
13,27,4,0
93,51,22,0
49,45,11,1
97,89,107,28
105,67,79,13
113,85,134,23
29,24,4,1
31,34,8,2
111,76,151,16
105,66,89,4
58,46,7,2
101,48,26,6
82,77,91,53
101,66,69,17
91,88,121,21
168,93,133,11
100,95,98,23
86,70,71,35
109,65,88,15
95,64,66,7
92,67,75,12
99,74,66,4
35,34,6,2
104,83,86,13
63,42,17,0
102,62,84,13
98,82,63,9
99,68,67,16
101,84,91,12
94,64,80,11
13,19,10,1
28,22,6,0
122,89,152,18
74,71,101,15
85,44,26,6
104,74,126,23
116,51,81,11
95,82,104,13
106,71,105,19
46,40,5,0
77,88,57,24
33,26,5,0
106,74,73,5
78,69,105,64
41,47,7,1
97,70,99,13
73,77,102,60
37,30,10,2
27,21,9,3
78,83,106,80
45,37,12,0
37,29,13,2
123,83,42,5
99,58,130,39
111,91,89,13
39,29,12,1
37,31,10,0
99,52,32,0
45,34,15,5
40,34,13,2
31,28,4,3
96,71,50,4
102,86,72,8
65,50,64,3
110,87,106,17
100,75,71,7
41,37,8,0
82,96,90,89
105,75,67,15
45,35,11,0
29,22,14,1
85,69,61,6
112,71,131,24
100,80,116,10
115,83,134,19
104,73,122,15
76,80,70,38
105,75,110,20
99,73,110,14
106,72,91,11
101,73,118,20
96,64,77,10
102,69,90,24
46,24,13,0
41,37,13,0
45,32,8,0
27,19,10,0
98,70,72,4
45,43,5,0
97,44,16,2
79,84,65,35
40,34,10,2
41,33,8,0
90,74,111,70
111,79,120,14
57,34,11,1
29,30,4,2
32,25,7,2
37,29,11,8
83,71,80,51
59,33,12,0
12,13,0,0
107,110,151,30
78,80,96,42
32,23,8,2
43,29,10,4
32,25,6,2
50,29,8,0
96,84,77,4
93,46,27,4
45,40,7,2
37,34,9,4
100,70,68,5
21,22,10,4
95,42,16,0
83,59,51,6
96,74,77,0
37,32,6,6
103,68,90,8
100,36,129,31
79,91,132,113
103,74,98,19
91,80,98,8
34,32,4,0
89,61,33,4
98,75,115,18
51,31,13,0
115,96,151,19
73,75,107,94
34,30,9,0
44,38,8,2
38,26,8,1
32,33,2,0
41,34,10,0
37,23,20,3
75,36,13,0
87,42,23,2
37,22,9,2
29,19,5,2
97,70,108,7
90,68,78,7
109,82,90,16
40,34,16,0
95,77,77,5
104,66,101,10
44,35,11,1
15,14,9,3
47,36,7,0
37,25,7,4
55,40,11,0
41,27,17,5
33,28,7,3
94,75,74,11
110,77,113,13
93,80,59,12
102,83,61,9
108,69,119,9
102,77,106,10
46,38,7,3
52,42,45,8
86,71,46,20
52,37,8,1
35,27,7,0
82,88,73,42
37,31,15,1
39,31,8,1
48,44,10,0
16,16,10,0
96,69,68,10
48,23,17,0
41,40,8,0
100,72,71,9
106,80,97,20
117,57,125,20
39,32,12,3
46,30,22,3
32,30,3,1
108,81,108,15
39,31,12,0
37,35,7,0
106,71,89,19
41,40,8,3
124,85,116,25
28,34,6,4
104,66,83,19
32,30,5,0
34,8,21,1
33,27,9,3
50,36,7,0
94,75,70,11
101,86,102,12
39,40,2,0
45,34,15,0
117,76,157,21
102,69,78,9
117,94,139,32
38,27,9,1
115,84,108,19
99,65,69,5
110,88,125,24
120,70,122,16
26,26,10,0
98,80,91,13
35,29,8,5
95,71,71,10
98,65,75,14
47,28,12,1
82,34,14,0
24,18,11,0
77,39,19,5
71,84,95,55
69,39,14,2
31,26,10,0
64,33,9,0
26,21,6,0
102,80,95,14
91,64,50,7
98,72,69,10
101,69,77,2
72,96,99,50
42,36,9,0
86,60,117,73
29,29,3,0
93,71,63,14
109,73,89,12
30,22,7,1
103,79,78,12
40,29,7,1
45,34,7,0
106,77,79,12
34,29,4,0
31,31,9,0
98,77,78,18
104,89,60,6
88,82,99,30
103,76,85,14
113,94,108,11
89,64,89,8
84,78,52,43
31,30,3,0
89,70,84,6
105,88,123,15
48,33,13,0
44,36,5,0
36,22,6,2
114,86,110,12
34,23,10,2
27,29,6,0
97,83,81,12
37,30,11,4
40,31,12,0
106,76,110,18
101,35,23,2
106,64,89,12
42,30,11,2
105,75,117,11
45,26,10,0
52,36,13,0
26,27,5,0
120,86,124,24
99,80,126,14
38,28,9,1
151,138,73,10
109,84,141,12
32,20,12,2
52,31,21,2
56,26,9,3
48,35,18,1
109,77,161,27
31,25,9,0
102,73,100,11
36,34,7,4
103,79,93,7
70,36,15,1
43,37,9,0
98,92,121,8
89,66,83,35
76,57,19,2
13,16,10,0
102,67,60,8
51,31,12,3
44,28,9,1
91,50,27,3
105,78,110,22
102,59,69,6
63,94,91,66
113,82,142,18
107,86,85,10
89,61,67,9
24,24,5,5
36,24,11,0
100,68,76,12
86,85,75,69
97,77,115,14
37,28,8,1
43,33,13,0
104,77,93,11
39,35,8,0
41,39,10,2
77,113,112,65
52,39,11,1
94,65,97,5
62,32,13,3
95,71,74,10
107,86,104,25
50,35,12,1
40,33,8,0
101,78,76,7
105,86,117,8
104,79,80,24
45,26,9,0
79,78,88,57
72,46,43,127
149,252,249,248
37,28,9,0
100,78,72,12
106,92,118,15
109,70,122,13
73,31,13,3
21,29,16,1
99,72,77,10
50,24,7,1
46,35,6,0
105,85,86,12
96,69,79,19
101,44,33,1
31,25,3,0
100,75,87,24
106,78,95,14
107,75,69,12
96,68,79,10
91,42,27,3
81,85,76,55
100,70,54,18
95,67,52,7
31,25,10,2
98,66,105,5
54,41,7,0
117,100,119,26
92,49,14,0
99,82,74,14
55,40,6,3
102,59,80,6
96,90,158,15
36,25,10,0
111,83,109,15
49,37,6,0
64,49,15,0
82,63,79,11
102,92,105,16
45,35,8,0
74,88,96,69
38,36,13,0
36,29,12,0
121,90,150,27
102,109,119,7
97,42,26,3
95,84,108,11
88,83,110,108
83,70,107,56
46,30,6,2
36,29,9,0
122,83,120,31
44,29,8,0
94,113,210,161
117,67,116,22
95,77,75,8
118,94,154,25
55,33,6,1
82,87,69,41
97,81,111,6
103,76,61,13
31,12,9,0
92,69,69,18
44,30,18,1
34,24,3,0
38,29,8,2
41,32,13,2
93,44,25,3
37,44,9,0
37,26,7,0
110,78,115,22
96,62,74,10
45,35,6,2
45,43,58,9
69,53,73,5
31,24,6,0
68,37,13,1
48,30,12,1
38,28,13,0
97,67,69,12
41,41,2,0
31,29,5,0
98,86,85,9
33,25,4,4
120,84,125,29
104,87,85,12
39,18,9,3
32,31,4,1
96,67,77,17
39,26,11,2
86,92,111,67
90,72,72,9
31,28,12,0
98,58,67,14
110,83,106,21
38,34,5,0
94,63,72,10
99,73,74,18
109,74,112,17
36,26,12,3
114,100,81,22
128,115,172,22
109,67,66,7
105,72,143,15
71,78,82,46
85,94,137,126
105,64,131,16
100,75,80,12
89,74,58,5
117,51,34,0
64,40,16,0
112,80,87,17
55,89,78,53
109,62,124,17
44,47,8,2
40,29,13,3
54,40,9,1
37,28,12,0
44,27,10,1
96,81,100,12
42,28,8,0
106,73,112,8
83,66,59,4
112,77,104,23
110,97,129,27
103,85,92,1
110,79,98,18
23,26,11,0
95,60,72,4
52,35,13,0
98,47,38,0
90,82,100,9
108,92,139,21
35,29,9,0
41,32,10,0
109,80,98,14
81,81,65,51
105,64,105,9
32,23,9,0
56,27,9,3
46,32,7,0
105,73,110,15
60,31,9,1
117,60,100,15
100,49,35,2
47,31,6,1
94,64,120,18
57,49,11,0
110,90,126,22
82,74,82,16
35,24,13,3
104,36,24,1
108,42,34,0
45,31,10,1
41,29,22,0
42,24,11,2
82,41,20,1
107,75,108,18
29,20,10,4
47,36,15,0
102,74,93,21
71,37,16,5
95,71,104,14
101,84,131,18
93,70,93,11
54,41,15,0
111,72,83,13
44,33,13,1
32,28,9,0
33,21,16,0
92,83,101,26
45,35,12,0
40,33,14,1
43,46,7,0
105,84,139,24
104,72,100,10
105,83,105,11
31,35,5,7
104,73,97,16
89,53,22,2
39,34,9,2
56,56,10,0
37,36,8,1
61,39,17,1
101,75,94,9
88,66,49,13
34,27,12,0
47,32,8,0
98,59,88,9
97,73,76,6
100,68,63,4
36,36,20,0
103,82,136,18
78,42,21,4
44,29,8,1
96,88,100,11
48,31,6,2
95,71,99,5
24,14,9,1
41,35,12,0
98,87,72,3
97,84,113,8
43,34,6,0
106,69,72,8
42,32,13,0
106,54,128,41
36,33,8,0
99,40,22,0
97,46,39,6
97,80,99,12
40,29,16,2
58,27,18,1
92,77,97,18
95,38,24,6
44,30,9,0
47,36,4,1
109,83,95,23
94,70,80,8
103,83,94,7
60,31,10,2
139,90,79,10
86,75,86,5
25,24,10,1
125,88,150,48
97,71,105,10
43,40,10,1
75,42,24,0
94,53,80,12
44,33,11,2
100,57,33,1
43,43,13,0
40,48,6,0
40,33,10,1
92,55,19,5
109,83,72,17
42,32,12,2
12,12,11,1
93,82,120,16
101,83,111,9
80,99,98,49
92,75,80,60
41,31,9,0
36,24,14,2
31,28,7,0
49,34,18,0
88,46,24,1
53,31,18,3
119,91,137,19
110,83,130,19
77,85,74,27
43,29,9,0
87,72,74,62
101,47,26,3
45,24,11,1
103,59,105,6
81,89,103,67
107,70,101,14
97,43,22,1
75,85,107,83
90,75,79,9
97,66,55,21
43,35,18,0
91,52,146,51
91,61,104,9
62,23,58,8
29,29,5,0
46,35,11,0
109,91,114,16
79,115,102,79
99,48,28,3
42,36,5,1
72,83,78,45
104,86,139,78
90,81,68,7
90,88,80,17
105,86,97,9
40,40,7,0
89,44,23,3
105,78,94,11
41,34,9,0
31,32,6,4
84,39,25,2
51,40,12,1
98,70,91,13
96,82,140,22
47,31,15,3
29,23,11,3
87,69,90,10
30,26,12,4
32,24,15,1
97,41,23,5
40,38,13,2
68,86,90,54
108,80,92,8
42,34,10,0
94,82,74,15
88,92,103,43
40,27,8,2
69,87,131,48
101,89,117,16
38,27,5,0
63,98,120,90
101,79,64,1
37,39,16,4
51,29,9,0
85,100,149,5
66,43,52,2
105,88,156,23
38,31,11,0
93,61,52,9
69,81,90,51
32,33,11,0
81,82,85,8
33,25,5,1
45,45,9,0
107,91,99,16
40,33,9,7
105,79,158,35
109,70,100,15
38,30,14,0
105,71,73,9
99,51,32,0
31,30,5,0
47,36,14,1
30,30,14,0
89,77,125,17
93,72,88,18
103,83,112,11
101,46,26,0
74,38,16,1
36,34,8,0
39,31,6,2
41,31,10,0
105,57,30,1
81,70,67,11
115,89,126,16
41,40,11,2
83,89,97,41
75,111,128,93
45,32,10,6
104,84,111,9
92,69,52,10
38,25,8,0
101,74,109,26
83,69,89,49
44,52,29,7
101,81,100,8
85,91,88,35
81,121,103,87
97,74,142,24
69,95,85,56
34,31,10,0
102,78,104,10
34,30,9,0
32,29,6,1
106,91,107,18
32,30,10,0
95,67,55,12
104,73,79,11
104,74,94,15
93,74,80,7
30,24,3,0
94,71,75,6
35,28,6,0
77,44,22,6
91,55,12,1
101,86,105,10
49,37,15,6
89,55,36,4
101,78,137,15
68,94,142,109
103,80,87,12
106,77,97,19
101,78,120,16
98,76,81,7
97,70,99,11
38,37,18,0
103,40,26,0
117,90,166,21
66,78,97,76
109,69,101,18
95,65,81,7
100,77,106,7
54,46,10,4
29,26,5,0
54,87,133,79
35,29,5,0
98,80,92,15
103,59,88,50
80,79,97,8
108,91,98,9
41,28,14,4
124,51,28,0
105,62,106,18
46,36,12,2
111,93,104,10
20,17,14,0
100,97,118,17
39,28,13,2
90,46,85,11
29,24,11,5
32,27,7,0
91,66,69,39
100,82,129,14
38,35,15,0
29,25,10,0
34,28,8,1
109,95,129,20
103,66,99,20
40,33,7,3
36,25,6,0
32,36,8,1
19,20,12,3
99,73,110,22
94,73,57,5
29,26,14,0
47,34,14,1
40,34,12,1
75,65,141,40
51,44,16,1
33,24,4,0
106,85,87,15
63,48,12,1
99,71,65,6
90,81,82,20
90,65,52,8
99,67,88,11
100,68,70,16
92,55,37,5
47,37,23,4
35,21,7,0
37,33,11,0
90,38,22,3
112,87,118,12
35,27,11,0
25,19,10,2
60,40,8,0
31,23,7,0
36,31,5,0
86,45,24,6
39,41,6,2
94,47,27,2
53,38,7,1
35,28,7,0
101,73,80,22
42,40,8,5
101,68,85,6
97,76,80,14
108,73,113,14
36,37,7,2
100,87,142,74
35,33,10,7
14,11,8,0
77,88,73,38
28,24,5,0
101,56,33,1
75,98,83,66
32,32,5,0
42,31,14,0
98,46,34,0
57,58,62,9
29,34,4,2
96,46,31,1
106,75,91,21
96,62,92,14
101,73,94,20
103,66,91,7
105,82,112,27
96,77,79,16
99,77,49,7
102,76,92,11
105,70,103,13
119,81,154,12
103,76,106,19
27,20,9,0
44,36,6,3
48,32,12,0
105,77,131,22
106,74,89,15
96,78,74,13
101,79,102,18
37,27,9,1
93,37,24,0
116,79,108,11
43,41,7,2
111,84,119,19
110,111,76,8
101,96,126,12
88,66,90,9
59,55,15,0
43,36,14,0
122,95,178,22
90,74,75,9
99,81,148,18
113,71,125,24
32,29,6,0
102,73,57,10
118,84,113,29
43,38,12,0
28,26,9,0
110,68,126,14
47,37,9,0
91,60,62,12
41,30,7,2
91,53,185,50
114,64,99,15
91,71,66,5
29,30,5,1
86,53,21,0
46,20,15,5
103,85,90,10
91,72,68,10
90,66,78,11
81,77,97,62
99,78,73,9
90,56,76,15
38,30,10,0
45,26,12,1
103,53,33,4
45,31,12,1
30,26,7,2
101,50,30,3
11,8,5,0
81,161,249,248
15,24,6,3
95,60,76,15
99,83,168,29
46,29,70,13
109,62,119,37
47,29,13,1
103,52,30,6
42,31,7,2
93,70,86,21
49,39,11,0
103,71,88,9
30,24,10,1
91,73,74,13
100,69,75,10
54,32,12,0
37,36,11,1
100,78,127,17
102,86,132,18
32,7,27,3
107,84,93,16
88,49,27,6
48,34,13,1
34,29,6,0
101,72,80,10
90,76,88,11
40,38,6,0
36,30,19,1
114,46,124,14
29,33,9,2
40,30,7,0
42,32,18,2
43,22,16,4
40,36,8,0
17,13,12,1
45,36,13,3
31,37,6,0
36,35,10,5
75,35,20,0
48,30,19,1
97,80,72,8
51,31,11,1
35,36,7,0
103,93,118,22
71,57,60,5
97,78,81,6
124,62,126,17
117,94,121,24
45,24,9,2
41,43,7,1
93,72,85,7
101,51,29,2
89,77,80,18
91,45,31,1
56,41,7,3
94,69,93,8
30,25,8,6
111,83,119,24
93,36,39,0
103,72,80,11
68,91,79,40
37,32,6,1
30,31,12,1
98,75,100,11
32,28,4,4
50,40,17,4
114,72,115,57
93,36,33,0
43,33,10,2
100,68,58,10
102,68,74,12
36,37,15,5
97,82,74,19
113,94,124,30
37,30,8,1
35,31,8,0
34,29,14,0
97,68,59,9
112,77,98,22
41,32,14,2
34,32,11,0
102,79,104,5
52,31,14,1
40,33,15,6
97,79,85,13
94,72,88,18
33,32,15,0
104,70,141,21
26,22,7,0
25,16,6,3
34,29,7,2
52,33,15,6
46,30,9,0
94,70,86,10
87,75,87,84
49,31,13,2
43,31,2,3
111,77,112,12
29,30,4,2
98,88,118,16
40,29,6,2
94,71,81,20
41,29,15,3
34,34,7,0
19,17,8,0
20,23,15,0
59,31,17,4
104,80,97,16
94,74,95,49
81,62,73,4
93,70,76,7
88,90,153,68
93,36,18,1
48,30,12,3
93,68,100,14
97,59,74,9
107,77,101,11
44,32,11,1
30,20,4,2
101,42,23,0
57,27,10,0
31,28,13,0
56,46,67,8
97,84,90,11
51,36,7,0
42,31,11,0
105,75,126,19
82,40,31,0
106,47,26,5
71,69,45,20
30,28,17,2
84,32,17,0
31,36,5,2
80,88,69,46
92,77,71,28
43,28,9,2
97,74,105,21
41,27,17,0
44,32,7,0
96,51,33,2
73,89,96,69
82,82,118,50
40,34,13,3
108,67,85,6
131,69,133,25
47,34,12,0
87,73,88,17
96,69,86,8
97,78,98,9
111,74,83,10
83,47,21,4
93,62,84,10
84,37,32,0
35,26,9,3
44,30,9,0
63,43,9,1
114,75,74,17
105,92,110,18
115,84,108,26
109,79,103,22
78,66,52,10
84,69,104,47
75,89,98,53
71,90,80,59
94,66,121,25
90,74,95,12
41,38,8,0
33,25,4,0
115,69,129,11
97,61,65,5
47,43,11,2
121,76,76,59
39,35,6,3
40,32,17,3
100,81,91,5
34,28,15,2
63,41,58,4
75,81,116,67
36,26,7,1
33,28,6,1
105,75,128,13
35,37,6,0
34,24,10,0
94,76,92,10
12,11,8,0
72,56,48,6
92,68,83,5
46,31,9,2
56,38,12,0
115,71,106,16
107,63,92,17
82,70,64,12
12,4,28,0
35,25,10,2
102,45,32,1
93,81,69,10
116,78,112,12
71,40,15,8
105,59,61,9
35,29,10,0
87,81,88,48
95,50,12,0
35,23,19,3
91,87,96,58
82,46,23,2
42,29,16,8
115,78,140,18
93,72,65,10
33,34,7,1
91,64,75,7
107,75,111,23
114,90,131,20
88,97,138,67
91,63,63,40
45,32,11,3
101,46,31,0
37,43,8,0
55,26,11,4
112,85,102,23
46,39,9,0
104,59,98,12
35,29,7,0
42,32,18,0
105,75,79,5
44,31,14,0
34,31,7,2
109,90,135,18
38,28,15,0
95,38,22,1
20,19,19,4
111,72,116,17
51,30,15,3
72,75,81,54
99,87,98,16
122,65,160,53
76,43,17,1
94,51,31,0
94,75,62,5
87,85,71,27
96,73,80,16
43,29,13,0
50,31,10,0
65,79,100,87
44,38,16,0
37,31,7,2
97,75,128,14
95,92,80,11
94,69,96,17
34,33,4,0
97,73,89,9
28,31,1,4
108,66,74,20
111,83,87,12
52,35,12,3
106,79,138,18
93,70,73,41
33,25,9,1
98,85,114,9
107,94,116,33
33,29,12,0
90,82,63,8
105,74,99,4
102,84,99,12
113,90,107,31
109,89,108,19
82,95,92,56
47,36,10,5
100,70,76,14
116,86,140,19
42,25,11,0
124,92,119,25
106,76,115,14
37,28,9,1
104,65,132,16
88,41,22,0
84,36,15,0
109,73,125,22
72,94,101,84
35,18,13,1
88,62,98,9
110,68,129,20
41,27,19,2
134,82,120,20
100,73,77,16
110,73,99,9
96,100,96,27
43,29,13,4
27,25,9,0
107,41,31,6
123,77,81,14
31,23,11,2
26,24,4,2
77,38,14,2
92,64,51,9
25,20,15,0
124,56,193,30
112,90,163,19
41,28,9,4
84,63,68,4
116,80,102,26
49,32,6,0
61,58,76,13
49,31,6,5
25,31,5,2
35,33,9,0
44,32,11,3
33,29,7,4
89,45,31,0
92,88,99,18
50,39,9,3
51,28,9,0
29,22,9,0
94,91,77,16
101,50,28,0
32,21,14,0
110,90,138,22
21,22,11,0
108,61,96,11
102,101,123,22
96,71,90,14
109,79,114,22
47,34,46,15
102,86,90,7
77,43,30,0
93,65,79,11
33,30,6,0
25,22,10,0
57,42,10,0
92,81,108,16
59,36,13,0
47,41,12,2
103,46,24,0
76,77,115,109
114,78,82,11
21,24,11,0
105,82,84,11
39,33,14,4
101,54,24,0
101,90,117,12
24,27,10,0
89,61,80,5
39,30,95,43
97,57,109,19
50,42,7,1
26,25,15,0
96,78,103,17
106,58,99,9
100,70,93,11
103,62,77,15
106,81,90,7
47,33,18,1
44,28,7,5
116,73,100,14
45,38,18,0
98,67,78,13
111,70,66,7
41,36,7,4
95,67,73,12
96,52,28,1
103,88,244,103
34,28,7,0
99,45,32,8
45,32,7,0
93,71,82,6
45,29,23,0
27,28,12,0
101,73,68,4
46,32,14,4
105,72,88,13
85,55,68,10
38,31,9,0
46,27,10,0
123,89,104,15
92,46,87,8
95,74,103,29
32,29,22,1
50,32,11,1
97,63,75,18
99,68,108,12
110,76,99,15
81,76,105,12
108,71,91,8
48,42,6,0
104,69,91,16
108,73,93,22
27,26,5,0
88,76,65,40
94,46,26,1
88,83,108,42
57,56,32,1
54,40,18,0
49,29,7,5
95,78,47,6
37,31,9,2
96,63,80,11
92,63,82,6
77,71,102,49
95,80,84,13
40,34,12,0
87,35,28,7
43,35,7,2
100,63,74,10
103,70,102,56
104,73,111,23
86,70,92,20
44,33,14,2
92,67,70,10
98,83,95,10
93,48,34,2
102,83,105,18
119,66,139,12
94,51,30,1
97,91,125,16
37,31,11,1
99,78,100,17
44,38,14,2
34,27,11,2
109,62,114,19
61,28,11,1
30,27,10,0
27,31,19,0
105,73,114,8
44,31,11,0
43,40,11,1
41,32,9,0
107,78,97,22
33,21,7,5
103,81,86,7
107,65,45,2
43,31,8,3
95,79,70,7
24,26,1,2
82,90,86,60
111,67,109,17
94,74,91,16
115,62,127,14
62,103,150,100
39,45,12,0
40,32,7,0
108,40,21,0
39,27,12,0
36,22,13,3
105,89,115,12
28,22,11,0
102,63,89,12
86,84,93,38
106,71,84,19
42,41,14,3
46,30,8,1
52,30,22,5
45,35,14,0
93,73,67,10
82,66,72,3
35,25,9,1
40,22,8,0
118,88,124,33
112,92,114,28
30,35,6,4
103,67,89,11
95,61,80,6
10,14,8,0
33,29,12,2
111,77,99,9
108,69,112,8
97,80,115,15
107,66,90,10
47,34,10,5
36,30,8,3
33,26,13,1
59,41,14,0
103,78,97,16
43,43,7,0
82,83,79,58
106,80,114,26
35,33,5,5
100,78,99,21
99,60,112,26
30,30,7,0
94,63,81,9
42,29,13,2
99,81,100,64
107,80,97,15
112,77,117,18
31,23,7,0
36,32,8,0
35,24,11,6
84,97,123,86
35,33,8,1
45,29,9,4
86,35,22,0
109,67,67,10
23,31,9,2
78,34,14,0
119,92,103,7
34,32,15,0
119,89,113,13
100,47,22,0
73,50,26,1
37,28,13,0
83,65,53,7
43,31,117,39
99,72,74,6
61,46,17,0
102,82,102,13
33,26,6,0
20,16,16,4
77,83,81,44
96,83,84,7
40,28,12,0
46,32,11,7
38,24,7,0
110,72,125,18
106,63,106,11
37,33,13,1
96,44,23,0
102,84,136,19
37,29,23,0
97,64,59,28
47,29,12,3
100,80,65,11
30,26,12,2
109,76,125,14
36,31,5,3
100,63,67,13
44,32,12,1
40,30,10,1
102,78,100,13
94,81,114,26
92,57,81,5
49,29,10,1
102,76,77,11
62,43,17,1
103,83,91,17
80,38,15,0
91,43,28,0
105,73,75,17
25,21,0,0
39,22,11,5
114,68,118,31
36,24,10,0
38,26,11,0
114,106,70,4
42,31,19,0
47,43,5,8
38,30,7,5
35,22,8,2
114,69,94,19
115,76,129,34
40,32,14,1
41,30,8,3
100,68,86,12
96,67,90,10
98,72,100,13
37,25,9,0
104,82,107,15
41,28,10,0
116,76,105,23
34,26,13,0
93,42,28,2
47,29,11,1
108,86,91,12
37,25,11,0
13,12,7,3
36,32,11,0
88,78,73,17
100,87,121,30
117,75,110,21
31,32,8,0
39,33,19,0
95,66,51,14
110,76,171,19
31,25,10,8
70,76,68,46
123,63,98,14
91,62,91,8
39,23,9,0
37,29,13,0
44,46,13,7
108,85,110,16
40,37,14,1
36,40,11,4
89,70,58,9
66,87,73,34
94,75,102,7
89,64,66,7
26,22,8,4
36,26,15,0
26,22,2,1
38,32,9,2
112,76,123,19
106,58,31,0
27,20,6,3
88,68,86,35
103,72,110,14
102,65,78,11
150,120,121,31
107,73,91,14
53,32,21,2
111,75,112,9
92,62,73,4
43,31,8,3
84,71,69,9
90,68,62,6
92,67,82,11
41,28,13,0
116,76,121,20
109,79,87,17
41,39,13,0
96,62,76,10
58,37,16,0
100,72,93,14
94,65,94,11
23,7,23,0
78,37,26,0
103,77,64,10
103,100,122,22
80,72,72,41
106,64,96,11
79,67,82,8
50,29,10,3
66,23,57,9
40,29,7,2
115,81,115,26
100,86,125,30
99,79,97,9
48,28,10,0
98,74,67,9
107,88,154,19
102,86,80,23
103,67,85,17
58,36,14,5
106,82,86,15
36,32,8,2
56,37,10,3
104,93,105,23
104,72,62,6
94,55,29,1
30,24,11,0
87,42,20,2
44,34,13,1
97,60,73,7
95,64,104,13
102,77,128,22
79,38,40,0
98,73,93,5
42,37,12,0
92,46,17,0
98,82,101,14
96,73,66,8
93,80,64,16
93,70,91,11
35,33,50,7
94,74,72,16
63,41,19,0
84,85,115,62
29,24,2,3
118,87,137,14
106,81,93,6
53,32,22,0
93,60,74,12
76,60,69,11
93,36,15,0
48,29,19,0
93,58,65,6
95,72,93,16
26,33,10,2
92,37,44,1
38,42,13,1
96,78,99,6
91,42,30,4
56,35,12,0
101,49,29,9
89,70,92,6
35,35,6,1
45,31,10,0
85,47,23,3
104,78,97,11
81,112,133,106
95,78,91,11
98,83,87,16
39,33,15,0
52,26,11,2
95,84,89,22
40,28,12,2
103,76,140,27
37,29,4,0
43,35,8,5
32,31,11,0
26,27,6,0
98,72,91,13
108,60,95,5
102,76,92,17
110,83,75,4
41,38,9,0
90,73,66,13
30,25,16,0
112,90,107,23
46,34,10,3
98,69,71,9
42,35,5,3
28,26,10,0
35,22,11,1
118,74,123,16
44,31,14,0
106,43,26,1
93,45,26,1
64,28,10,0
104,73,144,15
40,33,16,0
29,24,9,0
42,25,18,0
88,65,64,19
29,19,5,2
101,51,41,0
28,20,10,0
37,32,14,0
36,40,11,1
38,18,12,3
33,30,7,1
86,83,87,46
30,25,14,1
71,81,86,65
36,30,12,4
91,48,21,3
29,22,7,1
93,64,97,56
108,88,82,16
70,80,71,45
78,86,114,84
91,67,65,10
101,72,100,16
97,74,74,7
101,50,30,0
47,24,7,8
39,13,22,0
31,23,11,3
39,28,5,5
44,32,14,4
92,83,61,11
28,27,11,3
109,60,86,11
77,68,73,8
81,86,81,67
109,76,110,11
114,76,137,12
41,35,15,1
98,75,90,16
31,23,11,2
105,66,76,4
34,28,12,4
92,69,61,6
103,63,84,9
113,51,37,6
102,86,70,11
48,42,12,0
29,26,6,2
108,95,102,8
33,33,6,5
96,75,86,8
93,71,125,10
98,86,104,25
44,33,11,0
54,38,14,0
93,70,72,13
30,25,14,0
88,74,92,82
87,43,32,5
75,89,145,78
100,79,139,23
110,74,107,26
96,86,71,7
86,80,119,80
91,100,118,61
33,23,7,2
43,31,11,3
47,30,12,3
76,89,107,66
94,71,67,10
44,33,12,0
118,89,172,28
101,72,89,7
38,24,16,1
111,59,114,14
40,28,3,0
71,95,97,63
48,34,15,4
104,75,106,14
58,35,17,1
58,34,10,3
121,80,99,6
113,77,147,24
104,77,95,16
96,76,84,16
32,31,10,0
27,22,146,32
93,87,108,14
107,71,92,13
92,79,93,10
89,55,90,34
91,42,26,4
36,28,13,0
104,84,79,9
93,82,125,11
38,30,9,3
99,65,75,17
99,86,112,15
90,85,98,7
48,36,10,6
93,64,65,15
102,86,70,7
69,47,82,14
39,31,17,0
95,70,87,16
41,32,17,0
101,81,105,21
131,76,138,21
94,71,95,5
28,20,9,0
23,23,13,1
50,43,8,0
41,28,7,2
103,47,30,0
104,81,126,13
109,52,33,2
106,103,174,33
99,72,56,7
47,27,10,0
99,83,114,14
97,34,27,8
35,32,4,2
40,30,7,3
30,28,9,0
85,77,87,9
43,42,9,0
82,68,73,10
101,76,103,8
109,72,93,11
97,82,99,10
71,91,110,75
116,86,108,18
100,80,69,6
38,32,6,0
27,21,7,3
45,37,8,0
50,26,13,5
41,30,9,3
100,72,101,22
112,82,100,10
26,18,20,0
88,70,87,8
45,36,5,1
113,77,131,15
108,77,137,23
32,44,8,0
108,81,76,18
94,62,60,32
87,67,73,10
110,76,98,11
96,75,89,17
125,60,98,11
34,31,14,0
43,31,22,3
59,36,9,0
35,29,6,0
99,74,66,11
44,21,9,1
74,71,53,37
105,68,106,10
30,20,8,3
25,22,25,2
95,75,90,6
95,79,108,61
100,89,123,13
101,78,120,17
36,25,8,4
91,77,78,14
113,78,118,18
96,88,88,7
108,79,106,19
46,32,14,3
83,83,88,56
35,33,10,0
117,75,92,15
133,147,82,11
56,34,10,0
113,93,166,32
112,87,132,15
33,28,6,0
117,82,166,14
55,27,8,6
30,28,6,0
100,80,94,24
102,80,102,18
98,59,79,8
107,85,92,53
113,83,130,35
37,31,9,4
24,15,12,0
111,92,104,29
44,32,10,2
41,30,8,0
34,31,16,2
35,35,8,3
88,76,40,5
42,33,14,2
119,57,108,18
100,72,115,14
35,37,5,3
108,85,147,16
104,48,46,3
34,30,5,5
30,28,6,0
94,78,63,8
47,33,6,0
47,40,8,4
103,81,108,17
101,72,140,18
77,48,23,3
99,85,96,38
111,81,93,21
42,25,8,1
126,80,189,41
56,39,13,2
106,76,96,14
12,12,18,4
52,31,13,3
36,31,16,0
43,37,10,0
91,92,133,76
31,27,3,2
106,107,95,13
121,82,129,19
60,72,97,67
92,56,62,15
88,62,73,10
85,82,67,16
106,79,124,20
83,65,58,14
89,68,72,5
50,31,12,1
92,53,70,7
88,74,86,38
116,72,102,7
82,30,15,1
33,26,5,3
34,27,4,1
52,36,16,2
110,78,101,21
90,75,91,14
74,70,84,59
102,69,83,18
31,26,5,2
100,70,75,9
32,21,11,1
107,74,87,5
100,70,112,11
116,95,148,28
96,69,82,15
68,33,23,2
38,24,8,0
103,70,101,6
92,72,68,9
105,62,92,25
88,92,79,34
35,31,16,0
96,73,82,14
102,58,76,6
94,47,31,0
93,69,114,15
34,34,10,0
101,82,108,22
38,32,10,2
51,39,14,0
98,61,106,14
88,48,33,2
103,74,68,11
84,65,79,10
35,27,6,0
96,41,27,2
89,61,86,18
92,79,79,12
98,83,83,5
90,92,116,87
93,82,74,35
34,30,3,0
99,71,101,7
103,78,71,7
102,62,80,11
77,32,15,0
97,76,92,9
96,59,64,9
37,32,6,3
37,31,10,4
34,30,10,1
44,22,4,0
42,32,9,0
73,46,54,179
245,252,249,248
134,251,249,248
111,76,118,16
109,70,95,5
58,94,80,41
28,25,7,2
101,62,112,5
78,24,20,0
41,30,7,0
81,75,87,6
96,81,113,11
107,81,96,18
116,85,121,11
32,25,9,2
106,74,98,10
63,31,12,0
42,35,10,0
99,91,76,8
100,74,91,19
96,47,22,1
97,75,60,11
37,23,18,2
109,65,117,14
45,33,15,0
81,81,128,70
86,38,17,0
101,85,86,5
51,32,22,0
52,31,17,2
89,53,73,12
75,78,86,71
41,33,14,2
39,32,8,3
39,30,15,2
109,57,66,4
100,67,98,14
34,26,13,3
32,26,10,3
88,66,61,5
79,86,79,45
94,68,69,16
69,32,23,2
98,85,64,6
51,29,13,1
114,63,104,15
40,26,12,0
101,92,163,25
116,94,111,4
109,86,113,22
75,63,71,8
95,75,93,42
31,21,20,0
44,30,7,0
82,69,79,4
99,73,87,12
44,34,14,0
50,33,8,1
52,42,9,1
113,84,104,16
47,34,12,0
91,87,78,46
100,95,105,18
97,65,93,78
95,72,126,18
39,16,16,0
73,20,11,0
48,37,17,0
26,24,2,0
111,92,120,22
87,38,32,5
28,24,8,2
50,32,18,0
98,50,13,0
73,79,79,45
42,34,14,1
30,28,15,0
107,82,83,14
99,78,105,18
33,31,14,3
45,28,13,2
21,24,15,0
33,29,8,5
97,80,88,4
110,61,124,14
99,55,98,4
105,83,134,18
102,83,89,14
103,88,122,26
109,92,107,24
48,28,13,0
44,22,11,0
25,22,12,0
91,77,95,10
112,71,81,19
92,60,88,11
43,31,11,0
113,99,174,24
96,74,77,9
58,33,9,0
95,68,84,18
105,71,83,8
97,49,19,0
109,89,82,15
77,73,89,79
102,78,110,56
87,90,109,103
47,36,7,0
88,80,73,11
98,47,24,1
79,83,99,63
92,85,115,83
82,29,20,2
97,67,74,7
40,34,19,0
117,84,143,28
40,35,11,1
98,90,96,11
110,82,130,17
105,85,77,3
91,68,72,12
115,75,161,30
98,72,78,8
37,24,6,2
77,79,92,51
93,62,85,39
43,28,11,1
69,100,94,80
37,30,17,2
99,76,77,11
14,13,3,0
90,61,74,15
107,72,118,21
50,25,11,0
104,99,111,25
43,30,22,1
43,36,14,1
111,77,94,15
88,86,76,6
48,29,8,0
40,37,12,0
105,81,74,23
31,32,10,2
33,36,4,0
33,31,7,0
33,29,6,0
38,34,11,4
99,48,38,2
100,72,72,6
34,30,13,0
102,75,105,14
99,90,144,18
35,24,14,2
52,34,12,3
22,15,11,1
91,41,32,2
90,77,108,62
110,71,94,13
49,41,10,0
41,39,11,1
36,30,10,0
28,30,10,3
85,51,18,2
137,100,56,5
85,63,102,13
40,34,10,0
80,59,58,42
40,28,9,0
97,74,76,13
35,35,4,1
79,71,64,1
35,22,14,0
93,63,65,18
46,31,12,0
65,50,76,10
103,78,90,9
100,95,126,25
27,27,8,1
64,33,19,0
48,51,7,0
100,67,82,14
101,77,134,22
90,68,74,12
42,38,7,2
90,39,21,1
44,35,6,2
40,40,10,0
103,60,80,6
43,37,11,2
97,67,73,9
99,55,84,6
49,27,12,5
81,66,92,59
93,75,94,12
92,61,71,15
107,82,94,11
104,91,112,15
110,79,126,24
98,57,69,6
88,46,28,0
91,49,23,6
100,73,89,15
105,70,116,6
113,76,149,8
109,83,103,12
36,33,13,0
97,84,66,18
93,79,96,11
112,77,101,13
44,37,11,0
46,31,6,5
112,70,116,20
89,77,96,18
123,87,185,21
109,93,89,13
113,91,125,28
99,101,97,12
81,39,22,1
42,30,7,1
87,81,82,83
85,47,26,0
100,60,95,14
97,80,122,20
34,29,12,0
44,35,6,5
92,67,65,5
36,29,8,1
106,71,122,23
99,65,79,23
26,24,6,8
103,64,91,9
41,31,13,1
97,83,93,9
104,104,101,18
53,25,20,1
48,40,19,1
108,83,90,13
47,35,8,0
32,20,3,1
116,71,88,20
100,45,29,6
107,77,100,9
102,80,123,30
87,63,77,4
41,31,6,3
109,50,30,7
31,35,6,0
30,29,12,0
117,90,118,37
42,29,15,0
93,54,58,7
81,53,12,1
45,29,9,0
35,23,7,4
98,80,102,50
23,24,6,0
95,80,90,6
115,73,91,12
31,30,8,2
101,44,37,2
47,40,14,1
32,34,4,0
69,35,31,2
41,30,14,3
97,74,80,4
105,75,96,10
88,33,28,3
42,10,16,0
91,68,52,2
90,83,75,8
36,20,9,4
89,53,78,8
96,44,24,0
92,73,88,51
38,31,8,5
112,88,134,15
35,23,6,3
108,74,101,10
44,36,9,3
108,89,101,8
106,63,98,12
40,32,14,5
40,29,8,2
78,30,29,1
16,12,3,0
31,22,7,3
64,80,106,63
85,66,58,8
36,29,5,0
34,28,14,3
95,70,103,11
114,88,118,10
102,81,118,11
101,83,117,15
100,74,104,10
57,31,21,0
36,36,12,1
97,74,102,21
35,30,21,0
110,66,129,30
44,39,4,2
98,58,76,10
109,83,113,8
32,26,10,5
50,34,13,4
39,32,6,0
39,26,11,1
90,75,90,19
103,78,82,2
101,42,54,10
30,25,7,0
30,28,11,0
121,87,81,13
88,60,61,8
48,31,20,0
39,35,7,0
120,80,66,9
42,35,7,0
108,73,114,16
90,66,114,14
50,32,13,1
34,22,13,3
34,27,10,1
40,27,6,0
39,24,10,0
36,22,9,2
10,10,6,3
114,106,138,24
96,75,82,12
110,94,100,10
45,31,17,0
102,59,100,11
100,86,147,25
88,65,88,6
34,33,7,1
106,84,89,8
80,94,68,34
53,37,11,0
74,86,90,172
103,79,127,15
55,55,16,2
93,73,84,58
94,45,27,0
38,31,19,0
76,74,77,47
78,89,130,83
111,59,102,13
75,32,20,0
115,76,129,25
27,28,11,7
91,64,96,12
114,84,167,31
113,82,99,17
33,30,4,0
108,81,107,12
103,102,118,23
95,63,75,8
88,83,58,12
102,82,83,9
36,35,2,6
48,32,10,0
101,69,68,6
30,23,11,0
71,80,75,33
90,76,112,9
43,41,15,1
102,62,96,21
102,76,78,13
85,76,102,49
101,76,90,12
85,98,113,59
93,62,70,10
96,76,64,6
87,77,93,35
49,38,16,0
26,21,3,3
83,77,81,64
79,106,134,64
106,68,86,20
107,69,98,11
15,17,14,0
28,15,7,0
28,21,1,2
97,66,91,15
42,34,12,2
103,53,75,17
102,40,32,6
103,78,102,15
44,38,11,2
95,66,80,6
35,42,13,0
98,60,97,9
106,79,167,18
110,76,96,16
99,75,94,4
110,92,130,26
102,94,73,15
99,71,102,6
41,30,12,3
37,28,11,0
103,78,105,14
94,68,44,15
37,24,11,2
111,72,95,18
40,45,13,0
93,62,54,8
97,45,27,4
43,32,10,2
93,79,58,32
91,41,19,3
88,75,89,10
105,88,101,12
103,62,92,9
87,71,92,52
43,43,12,1
44,39,14,0
96,61,81,13
65,91,103,60
20,18,4,0
91,66,71,7
22,22,11,0
86,84,68,12
99,88,103,14
81,103,104,44
98,90,151,73
99,85,105,9
79,80,54,23
93,51,29,4
43,32,9,4
116,101,144,23
44,41,10,1
93,76,97,12
85,43,26,0
111,90,81,6
67,82,89,38
87,87,125,70
122,88,249,61
76,90,80,57
113,81,70,16
37,31,24,3
75,44,15,0
49,33,17,0
37,37,7,0
31,31,7,0
35,18,14,3
111,71,109,13
37,37,11,1
43,27,17,1
34,25,12,0
112,76,110,19
34,34,23,0
25,26,12,0
36,25,10,3
98,72,90,13
106,91,131,20
109,65,121,23
25,24,11,4
66,115,155,109
37,31,8,0
36,29,12,0
106,84,97,15
46,34,11,0
113,82,128,20
89,43,21,3
35,28,11,0
94,59,77,17
96,68,101,14
101,62,87,20
93,71,78,4
40,26,11,0
98,82,148,25
109,85,117,11
30,33,12,4
33,29,9,0
80,41,11,5
31,24,7,3
41,24,9,0
34,30,7,1
49,35,20,1
95,78,94,12
99,77,107,4
94,68,121,13
72,89,55,51
33,30,11,0
37,29,13,1
93,68,124,65
122,41,134,21
105,79,136,24
37,39,7,1
53,28,15,4
102,82,64,3
105,83,100,22
95,95,78,17
119,53,108,15
40,31,9,2
35,28,12,6
37,40,8,0
27,22,8,0
28,26,7,1
80,73,64,74
57,47,19,0
96,66,92,21
40,38,7,1
54,32,12,1
100,86,128,20
40,32,14,1
32,29,14,0
42,36,9,3
36,36,7,3
105,71,117,9
101,71,92,5
135,114,136,13
36,27,12,3
27,24,9,0
99,68,69,11
88,69,75,46
103,86,95,15
44,28,15,0
105,77,84,23
53,40,14,0
99,81,105,20
86,65,80,17
111,71,126,20
107,84,112,12
39,30,15,0
46,27,14,2
94,50,26,1
42,37,9,1
103,78,108,21
42,31,14,0
75,31,33,5
31,27,4,3
114,84,160,22
99,75,137,10
45,29,11,5
96,52,33,2
100,68,79,11
26,15,8,6
108,64,103,8
36,25,9,2
50,29,13,0
93,87,99,12
40,27,19,1
103,72,65,4
66,109,89,73
98,82,89,9
49,26,7,1
28,30,3,1
64,81,102,57
49,34,6,0
81,68,49,10
101,75,82,12
25,23,6,0
28,25,16,0
40,35,17,3
109,75,87,15
109,87,77,15
96,78,78,11
88,67,65,3
112,99,131,14
44,28,16,3
32,31,3,0
107,70,89,8
108,68,83,5
35,28,11,0
98,71,87,9
101,66,97,13
106,79,97,13
36,26,19,2
111,89,120,27
113,90,107,15
47,28,8,0
27,23,21,5
85,36,15,3
47,32,12,0
99,76,92,14
96,37,25,1
45,30,6,3
110,68,38,0
99,85,123,17
49,32,7,1
109,70,92,22
38,30,9,3
108,64,119,22
86,80,98,4
31,18,16,0
33,21,13,0
48,23,12,1
35,29,11,4
92,78,105,13
33,24,7,3
33,20,10,0
116,109,136,19
80,73,61,40
85,96,135,101
30,26,4,0
110,89,100,17
40,43,9,0
49,33,10,3
116,78,126,23
90,45,27,0
45,29,8,3
108,65,75,6
72,49,247,152
105,90,84,9
43,42,6,3
92,81,83,60
38,30,9,0
86,84,65,47
79,34,18,0
29,23,7,0
52,29,18,5
34,39,3,5
107,76,90,19
37,35,18,5
105,83,107,25
30,18,7,0
35,30,10,0
105,80,109,8
65,91,98,86
90,40,32,6
99,73,86,12
79,41,24,3
98,75,90,13
124,74,203,94
43,40,58,11
102,77,100,15
75,84,81,61
48,29,8,3
30,25,3,0
97,68,76,6
125,121,128,23
120,82,137,26
107,82,97,24
30,22,6,2
96,67,71,12
122,85,122,19
33,28,7,0
92,70,89,11
64,34,12,0
98,71,79,8
120,75,97,20
94,72,45,3
89,71,75,11
35,29,9,1
102,69,72,8
113,68,69,12
91,64,50,8
42,19,10,0
38,40,10,1
104,80,67,13
96,65,98,9
33,23,16,2
129,110,138,24
36,27,9,0
29,22,15,2
99,61,92,20
39,31,20,2
39,27,12,0
40,32,13,0
90,35,30,4
87,42,20,0
50,34,137,51
104,68,91,8
58,38,75,9
78,77,63,27
104,86,100,26
54,33,13,0
98,87,122,9
97,73,91,8
100,69,74,11
104,85,109,13
39,31,10,4
89,56,99,94
107,73,68,16
38,29,3,2
110,71,119,9
105,79,85,18
102,71,79,12
46,29,13,1
91,76,135,108
111,77,112,7
34,16,5,5
83,70,63,10
10,10,1,3
37,28,6,0
29,26,10,3
111,83,139,20
102,77,120,10
88,67,78,53
47,37,12,3
52,34,14,0
41,32,15,0
28,23,6,3
124,74,142,17
113,73,69,18
56,28,11,4
45,31,10,0
39,28,8,2
98,87,73,7
82,86,117,85
98,69,83,34
46,35,14,0
124,94,135,15
106,80,112,22
39,31,9,0
39,31,24,1
94,85,122,18
97,78,89,13
100,78,81,10
111,78,115,25
105,64,91,9
88,70,65,16
59,79,78,64
111,85,96,22
26,23,6,0
94,93,115,72
107,70,157,24
109,79,97,20
46,34,14,2
98,66,91,11
77,95,83,29
106,66,97,8
107,82,117,16
30,30,9,3
40,35,5,0
132,121,131,17
92,71,95,7
85,61,67,5
59,29,14,2
43,35,12,2
39,30,12,0
107,71,88,24
91,82,88,85
47,32,20,0
81,82,54,35
41,24,16,0
36,24,10,0
42,29,10,0
84,65,53,8
91,76,122,14
83,37,22,0
94,73,74,6
105,65,125,13
94,75,74,10
74,74,73,53
97,88,144,14
94,71,168,16
104,75,93,19
107,91,99,12
99,71,85,9
42,31,10,0
36,27,7,0
109,36,103,14
42,30,9,0
51,33,14,0
33,24,9,1
96,73,102,73
26,24,12,0
31,30,7,3
104,79,100,13
109,80,101,10
38,37,9,1
28,23,17,0
16,19,18,0
98,61,87,10
65,37,15,3
111,71,106,13
106,89,109,24
51,31,15,0
96,59,72,8
103,78,75,24
45,46,13,0
94,66,57,7
24,28,14,6
25,24,7,0
80,61,57,6
96,73,83,11
50,35,14,3
49,36,7,2
89,32,18,0
107,82,107,11
123,84,116,16
27,29,9,0
36,36,11,1
100,79,110,15
49,34,6,4
48,30,16,0
28,23,2,6
114,77,151,24
36,37,15,1
48,32,18,0
33,19,13,2
47,24,17,1
37,36,11,0
39,25,15,0
85,72,89,12
52,27,18,7
31,27,11,1
13,11,22,0
93,69,58,9
42,35,13,2
45,47,13,0
39,28,13,7
107,77,87,3
66,80,88,59
99,54,60,9
100,74,125,14
105,80,143,12
90,73,137,54
41,24,19,4
87,78,90,86
130,70,139,17
43,25,14,5
35,30,8,4
106,107,136,25
53,38,44,3
76,87,95,34
75,73,104,53
121,88,153,28
45,35,8,0
89,69,81,13
110,77,94,10
33,35,4,0
96,72,93,17
112,56,38,2
46,36,9,0
47,52,14,0
90,73,66,2
40,31,9,0
95,60,69,5
99,63,106,12
69,21,38,10
43,29,11,0
94,48,18,0
81,30,23,4
86,67,79,15
66,88,81,55
47,42,9,2
46,43,8,3
98,90,121,12
119,80,136,22
35,27,9,1
28,25,10,0
46,34,12,0
94,71,75,5
80,42,17,2
44,32,5,6
118,70,123,10
109,54,86,19
31,25,14,0
95,82,86,8
42,29,20,0
98,72,67,9
49,32,15,1
49,26,7,1
108,86,152,16
99,78,114,9
28,26,11,4
48,33,9,1
94,50,31,0
96,52,23,0
120,71,144,14
94,77,92,10
78,50,17,2
35,28,10,3
93,71,71,9
119,51,108,21
108,86,84,6
98,78,84,16
85,89,102,57
120,84,128,19
43,34,13,2
91,43,37,2
92,80,115,46
112,79,155,29
41,25,8,0
40,28,27,4
32,26,3,0
94,71,83,15
92,43,22,1
32,31,10,0
101,71,79,13
93,37,14,3
84,101,124,70
101,75,98,7
43,35,14,2
40,31,12,6
53,31,15,5
93,69,65,5
96,39,36,1
83,68,51,7
42,31,10,3
96,74,94,9
116,61,83,13
107,88,134,18
116,81,129,16
107,90,137,27
101,50,23,2
42,29,9,2
36,34,4,1
76,32,27,4
99,79,79,27
39,30,9,0
34,27,12,5
109,83,137,21
121,78,129,14
42,29,13,1
94,78,81,7
112,75,94,10
88,35,23,1
79,64,67,31
96,87,126,18
99,69,84,14
89,42,32,0
112,77,92,13
48,30,12,0
38,36,15,2
40,32,8,2
31,32,14,0
27,22,4,0
31,29,10,0
138,101,103,15
87,48,29,4
109,77,94,14
100,70,114,19
106,82,113,12
28,25,12,1
43,40,10,0
104,71,94,11
102,76,140,28
35,33,11,0
104,79,121,68
73,45,16,1
28,22,6,0
78,42,24,0
83,38,21,0
67,33,17,2
111,79,102,16
33,29,10,0
39,41,4,0
100,76,72,15
110,64,80,11
43,21,6,2
105,84,116,15
43,29,7,3
96,66,82,14
88,68,72,6
28,31,11,0
36,30,22,0
35,28,8,3
91,44,24,2
33,27,9,5
112,90,84,6
96,73,109,14
42,28,8,5
32,25,10,0
42,25,13,0
104,79,99,11
32,24,8,0
93,75,72,41
28,23,9,1
94,74,57,5
98,78,111,15
47,25,9,0
54,35,11,4
84,149,144,102
31,24,7,2
46,27,12,2
100,65,59,6
102,31,23,1
108,74,66,15
41,28,16,1
99,85,112,9
43,30,4,1
107,70,78,11
39,32,14,5
89,60,79,12
173,151,216,97
97,70,104,15
110,100,127,11
67,81,85,82
43,37,14,4
105,84,107,15
122,74,102,23
100,68,86,11
40,26,15,5
87,37,20,5
44,27,11,0
109,75,93,13
95,72,120,22
30,12,11,0
104,76,78,8
105,80,102,15
43,34,14,0
95,49,32,3
106,67,117,21
79,30,25,0
102,50,29,2
72,81,84,47
46,32,9,0
47,30,10,0
116,127,132,26
36,38,15,0
95,59,76,6
33,30,15,3
97,69,89,6
39,33,8,0
83,74,64,10
71,31,13,2
37,31,2,0
64,39,27,3
98,71,83,16
91,77,71,9
126,252,249,248
43,29,14,0
92,81,86,6
88,66,55,6
97,45,34,2
13,11,1,0
34,27,20,3
92,65,98,10
103,74,136,24
78,38,22,0
100,64,71,17
105,82,105,8
92,67,51,5
113,83,96,14
106,71,86,10
38,25,16,0
39,40,12,1
82,46,28,0
26,21,18,0
79,63,50,9
31,29,14,0
71,56,74,3
114,71,76,3
65,70,82,45
34,27,5,0
38,30,14,5
43,25,3,0
105,97,159,20
98,59,87,3
94,57,40,5
79,86,78,6
39,34,6,1
95,69,85,13
39,35,13,0
117,71,115,11
88,68,62,16
84,76,63,3
107,63,98,13
47,39,12,2
79,59,42,4
34,26,13,1
92,73,81,8
110,84,121,14
97,79,92,16
113,82,133,17
19,17,16,5
88,69,74,15
82,40,21,1
35,31,7,0
41,31,16,3
40,31,14,3
80,70,89,55
101,42,36,0
66,76,105,55
94,63,71,6
34,34,16,0
43,41,11,3
78,65,49,16
91,80,64,13
114,86,145,22
93,76,79,18
41,26,9,4
107,73,146,18
99,68,84,16
102,61,133,11
115,81,103,7
103,68,102,15
100,69,89,8
44,29,17,0
42,34,8,2
95,76,70,25
105,75,81,15
45,30,11,0
42,32,14,0
105,81,124,25
110,77,109,11
20,23,12,0
106,74,70,10
38,36,8,0
92,63,89,16
93,40,32,1
43,53,7,3
54,32,10,0
40,26,9,2
115,71,119,29
57,34,23,0
87,32,25,5
99,72,90,11
40,21,11,0
91,83,112,60
39,38,13,3
115,83,124,21
102,59,65,10
41,38,13,2
35,35,6,0
30,23,3,3
44,24,11,1
100,78,107,9
39,29,15,1
92,45,28,5
41,28,7,2
102,77,87,6
27,25,7,1
46,25,14,0
33,31,8,0
27,19,6,0
110,81,111,11
94,70,92,10
91,44,26,0
103,71,74,11
38,30,7,0
45,31,13,1
37,34,11,5
36,29,6,2
41,35,8,2
88,53,33,4
102,83,125,28
29,15,7,2
33,32,10,0
17,51,17,1
37,27,19,0
94,58,69,5
99,74,105,17
53,28,10,7
53,42,18,2
79,66,80,11
46,31,9,3
95,93,121,5
38,33,7,4
26,24,13,0
35,31,7,1
96,67,70,16
102,107,90,11
54,50,94,40
108,74,100,15
103,65,103,14
91,66,66,7
90,68,76,5
40,42,9,1
99,72,94,18
91,49,28,5
70,34,24,0
102,73,95,11
96,37,40,1
97,72,87,12
46,29,11,0
106,91,100,17
51,32,15,0
55,38,14,3
99,88,67,10
120,81,151,25
92,91,79,3
102,73,91,12
99,77,79,9
48,38,7,3
37,29,11,5
33,36,7,1
49,44,12,4
43,31,10,8
110,76,87,26
37,29,16,0
13,12,6,0
32,29,15,1
86,26,31,0
104,66,74,8
31,26,9,1
48,31,8,1
99,80,86,11
41,16,16,3
93,65,77,9
89,68,108,53
98,61,114,24
111,53,60,3
97,63,87,23
112,79,107,9
49,36,10,1
107,58,103,10
71,118,99,80
71,82,73,49
97,58,80,10
113,67,124,20
99,83,119,18
29,25,11,5
91,41,32,1
44,33,16,1
48,34,12,2
46,28,16,1
84,97,89,45
100,58,74,15
95,68,90,10
37,33,18,2
95,77,132,15
85,30,20,0
107,68,99,15
98,83,79,16
81,74,79,4
35,26,14,0
64,100,88,58
89,28,25,10
32,34,18,3
47,34,9,2
85,72,115,29
117,83,117,16
113,78,127,26
35,27,6,2
27,17,9,1
38,31,8,0
115,110,118,11
82,87,73,29
83,59,68,2
43,36,6,0
98,87,82,21
107,59,98,14
111,89,103,20
83,41,34,0
40,35,6,0
116,80,129,15
89,68,83,8
44,35,8,1
80,110,115,66
112,66,131,26
111,71,90,7
43,34,18,2
96,76,108,9
95,101,90,18
27,28,5,2
110,72,68,1
113,77,131,29
51,43,21,0
101,67,57,2
105,64,74,11
105,58,94,11
95,60,113,18
39,23,16,0
96,69,67,13
81,76,94,74
76,25,17,3
26,24,7,0
112,104,125,20
43,31,20,0
103,83,156,37
35,29,7,2
86,41,30,1
46,50,49,16
85,42,29,5
94,81,70,9
95,55,78,12
107,82,145,26
114,76,94,13
47,29,9,1
35,31,19,0
103,83,68,7
105,58,43,4
94,84,73,8
48,27,12,1
97,81,94,11
101,68,141,40
99,38,20,2
75,88,109,68
105,54,100,13
109,75,95,9
119,72,146,14
31,27,3,2
86,66,47,5
54,40,13,2
112,79,110,16
89,81,67,8
117,82,156,28
96,74,82,14
99,70,70,8
34,27,8,0
110,63,30,1
73,78,89,56
115,82,128,19
32,27,8,2
27,21,9,3
100,73,110,25
106,91,88,11
102,78,123,9
102,74,74,9
91,39,22,2
107,76,79,19
36,30,13,0
98,70,93,4
94,72,79,5
89,44,29,7
43,26,5,0
93,58,66,2
101,82,74,7
86,41,22,6
112,51,25,0
102,64,80,13
35,23,10,5
44,29,13,2
31,23,8,0
73,71,82,28
48,24,15,5
45,32,19,0
44,33,11,0
101,66,116,4
101,97,141,30
91,71,48,6
122,81,140,22
109,72,103,12
30,35,28,0
104,88,99,21
82,59,59,12
48,32,8,5
108,70,88,15
36,25,8,2
98,74,119,7
96,54,94,15
75,82,91,58
92,67,57,12
45,23,15,1
84,68,113,86
84,72,95,5
44,29,8,2
113,76,108,14
104,73,87,5
96,74,90,13
102,70,97,10
91,42,31,4
38,32,13,2
83,87,87,51
112,64,152,7
45,30,13,0
63,92,83,59
98,85,72,9
27,26,8,0
106,49,31,2
28,29,19,0
35,23,11,4
89,59,94,52
37,29,8,0
108,70,97,13
91,57,75,9
95,112,126,19
103,65,101,13
100,85,92,14
86,65,63,7
37,30,11,2
96,71,71,7
106,89,118,22
10,8,2,4
103,87,101,17
41,26,13,1
42,37,6,2
41,29,10,0
93,75,87,7
93,39,32,3
25,22,11,3
35,31,4,6
41,38,11,0
124,77,151,20
52,34,19,0
33,31,5,1
115,75,151,18
98,77,112,15
93,71,87,15
91,67,82,4
42,32,13,0
111,73,131,24
38,24,15,3
36,27,16,0
53,49,20,1
39,32,12,6
95,70,91,76
105,62,77,8
32,31,11,3
35,30,22,3
48,25,15,5
35,40,11,0
125,59,111,24
52,26,14,0
34,25,21,1
96,46,31,2
26,27,8,0
36,29,9,0
40,32,16,0
103,85,107,19
125,91,123,17
31,23,10,1
37,20,9,0
44,26,7,0
97,41,24,0
32,29,22,0
108,69,80,6
53,34,10,0
34,31,7,0
53,29,16,2
87,76,108,22
110,86,104,17
42,27,10,3
16,18,12,0
100,78,61,15
48,35,12,0
120,63,115,11
35,20,7,4
109,76,99,9
91,69,69,6
108,70,92,5
52,29,11,1
43,32,17,0
39,34,22,4
80,97,96,48
120,84,127,22
32,21,15,1
35,28,14,0
110,88,105,15
39,23,13,2
47,34,17,5
103,66,73,6
106,79,98,11
35,23,9,2
102,64,60,18
98,66,62,9
39,26,10,3
57,28,24,0
46,25,13,0
100,54,83,16
92,72,81,11
119,95,154,25
42,30,12,3
98,78,96,10
99,50,80,11
106,75,76,7
37,29,15,2
31,22,18,0
103,70,103,15
31,23,12,0
89,56,68,7
114,67,110,21
57,32,13,0
90,44,34,0
109,68,78,19
37,20,10,1
50,26,15,0
37,41,14,0
47,26,11,1
95,70,63,8
38,24,11,2
100,65,59,7
71,93,106,61
33,24,12,0
97,53,61,7
35,32,12,0
109,86,80,20
106,73,101,19
100,66,77,10
76,83,94,53
110,66,86,12
88,81,117,71
44,26,13,0
114,102,93,8
88,45,33,4
80,93,126,86
96,70,80,10
38,25,23,4
28,17,22,3
101,89,112,18
88,41,34,4
97,56,70,14
33,21,18,0
40,31,8,2
47,30,10,3
25,24,16,4
115,81,135,19
96,59,89,9
98,83,79,9
94,47,37,3
115,76,161,33
82,43,17,3
41,24,5,0
103,89,94,16
100,50,41,3
21,28,10,2
99,78,76,7
124,75,152,19
107,72,186,32
37,29,12,6
94,62,97,20
40,29,10,0
32,29,12,4
30,24,12,2
96,75,74,49
93,77,90,7
101,76,107,21
96,78,113,14
92,42,14,1
103,58,144,11
36,32,15,5
57,39,13,0
88,74,87,12
105,71,88,7
105,76,99,10
40,28,10,0
41,39,12,0
77,92,138,81
99,46,40,2
98,69,99,5
98,77,91,15
94,59,75,14
40,28,11,4
101,55,39,0
106,78,94,17
33,23,16,2
94,79,71,14
99,68,84,14
34,32,4,0
59,84,88,78
39,24,21,0
106,40,76,10
33,28,16,0
101,69,80,6
108,66,96,20
57,42,15,4
104,90,107,19
95,74,93,20
113,84,123,38
41,30,15,0
32,27,9,2
37,28,7,3
18,24,10,1
19,16,8,0
104,93,114,10
48,30,7,0
50,34,12,0
35,29,8,0
94,68,90,10
96,63,70,9
35,35,15,0
37,27,7,0
106,49,29,7
79,96,111,88
48,36,15,0
95,54,33,2
112,72,97,12
39,33,17,2
34,35,11,2
36,32,11,2
93,77,55,16
42,28,12,3
106,38,34,2
33,30,13,0
60,31,13,1
93,47,29,0
93,41,19,1
36,26,13,1
107,82,118,26
27,30,13,0
36,33,10,0
93,68,61,6
103,75,103,16
53,31,10,2
93,65,97,12
41,37,6,2
98,66,85,23
95,75,95,12
65,97,68,57
31,16,7,4
35,27,7,0
96,76,83,20
27,22,9,0
127,93,171,42
100,65,79,17
114,79,178,28
99,66,83,14
41,41,11,2
79,83,68,38
103,66,94,13
111,64,65,10
94,64,65,9
43,27,6,0
104,73,122,25
33,34,16,1
67,41,13,0
37,33,12,1
44,29,11,4
121,82,148,19
99,78,109,20
32,30,11,0
35,23,10,0
114,92,114,19
42,30,41,5
99,74,86,7
32,28,15,0
26,28,10,2
39,29,10,4
103,65,101,17
47,32,10,0
71,95,150,93
37,33,8,0
44,30,14,1
36,31,11,0
69,57,136,63
50,31,14,0
110,78,109,26
86,45,27,1
103,80,103,12
102,67,81,7
33,21,8,3
27,22,21,4
102,76,90,13
42,40,3,3
33,30,11,2
35,28,9,0
33,35,14,4
62,93,70,22
47,34,19,0
108,59,91,16
101,76,106,11
42,30,13,0
91,40,27,3
104,79,117,15
115,83,113,15
119,80,97,14
99,59,75,6
28,28,13,0
93,91,121,17
83,57,59,4
44,34,13,0
90,68,67,1
43,28,15,0
31,9,6,3
91,52,62,12
32,16,13,0
89,48,16,0
104,75,93,20
35,25,17,1
19,19,18,2
42,24,16,0
68,90,64,89
110,53,35,10
94,82,99,17
22,13,18,2
80,76,137,103
90,40,26,0
70,27,15,0
92,44,28,4
93,88,138,17
47,24,4,1
104,77,91,8
47,27,10,5
28,23,15,2
26,22,12,4
47,31,10,0
39,32,12,2
32,30,7,1
43,40,17,1
106,65,76,16
46,27,17,0
49,33,11,4
45,36,5,0
95,59,98,14
45,37,14,2
40,28,56,7
55,27,9,3
42,23,15,3
107,73,94,13
32,21,15,0
55,34,16,1
37,19,9,0
87,68,61,4
30,27,8,0
104,74,96,21
13,20,17,1
82,52,54,9
91,36,30,0
62,78,62,41
106,70,132,17
107,70,87,10
28,23,3,0
104,73,90,13
34,23,6,1
103,78,93,14
39,35,13,2
105,55,97,20
29,26,6,0
30,29,3,1
36,26,12,0
100,64,104,26
104,75,94,8
118,105,149,24
101,53,33,0
92,54,22,0
33,24,4,6
49,28,13,3
44,30,18,0
25,26,8,0
32,23,10,0
101,44,23,7
85,61,82,45
46,27,13,2
109,75,107,16
33,28,12,5
33,28,10,0
35,24,14,0
77,108,160,133
104,75,106,13
33,31,20,0
51,26,24,0
40,32,16,0
104,65,77,12
84,81,92,7
43,23,18,0
30,26,4,5
96,55,76,7
118,90,117,24
73,70,113,64
105,66,107,12
37,29,8,0
28,21,11,0
47,35,8,2
31,33,15,0
37,32,11,0
101,42,26,3
42,31,6,0
105,67,95,9
99,89,104,9
34,20,10,0
91,71,95,13
104,77,143,28
99,64,68,9
105,70,106,13
38,39,7,2
98,77,110,64
73,89,94,56
25,24,11,1
47,31,9,0
32,31,10,2
122,84,91,14
105,67,100,17
35,35,14,1
49,23,19,0
11,9,6,3
122,74,148,32
80,40,20,1
83,32,17,1
67,46,17,0
32,32,17,0
28,26,4,1
34,29,11,2
96,86,43,6
95,66,103,16
28,17,10,0
105,48,36,3
50,34,10,2
91,58,81,11
28,30,4,3
101,92,164,22
86,33,27,6
99,86,113,21
94,62,63,13
41,32,13,3
91,44,24,2
104,71,106,13
116,70,134,8
81,46,36,1
113,87,138,25
105,80,118,28
100,77,87,14
46,31,17,2
102,67,99,12
39,31,6,3
35,25,5,5
90,71,68,13
34,30,12,2
84,68,68,6
78,45,31,1
40,26,11,0
109,47,63,2
99,56,63,12
34,33,7,2
47,33,21,0
53,35,12,0
32,24,8,2
99,63,76,4
33,34,9,4
93,71,86,54
103,89,106,14
40,26,10,1
29,29,6,1
111,74,120,11
99,79,89,11
44,29,12,0
32,26,6,0
73,56,182,55
122,86,94,21
78,83,98,80
103,68,74,7
50,31,15,4
38,34,11,0
124,119,121,22
39,21,13,0
96,38,18,0
44,32,10,0
92,97,120,67
44,36,11,0
111,63,95,8
115,88,133,14
41,30,9,0
37,26,9,2
91,80,118,12
32,24,15,0
91,39,28,4
26,27,12,4
33,30,9,0
125,77,131,18
72,82,103,32
40,35,16,0
50,40,13,9
101,75,87,14
86,71,83,85
63,66,103,9
104,48,36,1
33,28,9,0
104,102,103,21
113,90,118,9
91,87,92,15
96,45,23,3
40,35,5,0
92,57,24,2
95,74,87,8
39,28,11,1
105,87,103,19
81,66,79,8
38,35,8,0
42,28,13,0
39,30,7,0
75,54,93,8
36,33,13,2
106,85,93,12
126,92,131,27
99,43,35,4
106,89,101,23
26,27,10,1
117,71,179,19
76,122,172,77
101,82,109,20
97,56,52,4
95,55,56,11
102,63,76,17
38,35,5,7
47,28,21,5
36,42,8,3
43,41,12,3
100,84,102,16
81,68,87,53
114,85,105,18
32,25,7,3
48,28,14,6
100,74,128,14
104,68,128,27
105,85,92,6
86,41,19,0
96,69,77,10
103,69,120,19
117,72,110,26
98,47,32,3
97,74,88,7
82,81,82,65
46,34,22,0
42,33,12,0
34,26,8,0
39,33,14,1
107,84,111,9
101,88,82,17
38,26,17,0
99,74,75,8
46,34,18,2
155,146,158,44
111,75,115,18
30,17,20,3
47,30,16,3
52,32,11,0
42,38,10,0
51,28,15,1
115,85,120,16
44,48,11,5
29,22,9,2
105,68,99,16
106,88,135,20
111,68,67,15
67,87,115,62
101,56,83,10
103,69,87,17
97,53,62,9
71,96,115,93
92,45,40,1
31,36,7,0
33,12,14,0
93,48,22,0
90,79,86,11
35,27,11,0
90,87,100,55
43,29,17,0
125,84,116,9
47,31,13,0
104,59,87,15
40,29,11,3
32,24,11,0
119,78,158,23
31,37,11,0
110,88,172,23
30,22,9,4
92,77,80,41
110,89,115,18
90,98,132,81
92,74,70,7
92,88,95,3
111,68,95,15
103,78,65,9
89,80,103,69
48,38,10,0
103,69,206,70
105,78,115,15
27,28,6,0
97,77,86,18
124,78,101,10
110,72,136,18
114,78,99,14
102,67,94,12
70,89,101,66
41,27,11,1
81,46,30,2
45,33,5,3
52,90,107,76
88,60,65,6
39,31,10,2
90,45,25,0
39,36,11,1
99,61,76,20
61,25,12,2
104,80,152,24
30,18,13,0
98,46,36,0
115,72,101,14
109,88,103,17
82,71,65,10
43,30,11,0
100,61,90,13
90,68,68,3
114,79,137,18
92,38,29,1
107,79,111,18
105,84,150,22
48,32,15,0
48,28,10,7
85,72,68,43
91,63,61,6
98,78,100,13
113,85,91,11
69,75,99,53
38,21,11,0
93,65,85,14
105,71,110,9
113,88,145,25
33,19,14,0
50,39,17,4
88,68,60,5
82,92,112,92
97,77,128,30
108,73,97,9
104,58,29,5
101,91,80,69
114,76,107,18
95,66,92,18
107,58,31,1
66,91,73,71
111,80,103,16
29,31,10,3
94,75,72,5
91,38,21,0
40,31,18,3
79,76,71,20
99,66,81,13
88,69,74,7
75,51,17,0
110,90,122,91
28,47,92,6
30,30,5,2
91,48,30,0
44,37,12,0
112,70,111,22
103,73,115,7
106,85,127,27
84,37,50,2
31,30,17,0
31,23,11,0
41,33,11,0
105,76,117,19
30,28,7,0
32,29,12,0
50,32,16,0
38,33,11,1
32,32,12,0
99,69,109,10
25,16,10,1
35,26,17,7
113,75,133,15
98,31,36,0
104,89,115,24
94,82,108,14
100,69,89,64
40,35,7,2
113,70,80,9
92,41,36,3
42,32,6,1
44,26,14,0
26,23,6,2
105,69,116,18
95,60,65,8
80,26,23,3
48,28,13,0
77,28,32,4
43,32,6,0
93,64,42,3
90,73,73,4
33,28,9,0
76,96,106,84
20,24,3,0
105,92,102,13
44,51,15,2
109,70,80,3
101,78,90,13
43,29,11,0
124,85,127,24
91,67,91,11
101,58,33,4
97,62,64,16
57,24,12,0
77,72,93,40
40,30,11,0
101,54,81,11
98,61,93,14
127,95,163,13
99,86,99,15
67,68,97,58
93,37,27,3
41,29,7,1
105,75,99,19
41,28,15,3
94,65,87,13
126,82,133,23
86,138,181,123
35,28,10,0
70,94,102,78
105,108,101,9
41,26,16,2
101,50,25,7
109,73,99,16
35,23,18,0
39,24,12,0
91,74,69,11
44,33,15,0
99,64,92,14
110,88,140,18
98,64,71,10
113,62,124,29
113,92,115,25
96,59,98,13
37,41,6,1
74,33,24,1
97,58,77,8
91,66,87,4
93,73,77,8
106,72,101,15
104,72,71,5
98,37,27,0
34,28,13,2
34,35,9,0
94,45,23,0
44,26,15,3
92,42,25,7
31,39,5,5
100,73,122,28
105,96,125,30
28,27,15,4
112,85,107,24
110,75,99,11
35,33,11,4
105,73,89,10
50,36,10,0
82,91,100,45
102,39,26,1
81,80,79,41
116,89,130,38
35,26,18,2
108,76,99,16
109,70,97,15
112,77,133,20
111,80,108,16
92,67,80,14
37,18,6,3
86,72,86,8
95,40,37,0
104,75,117,12
27,29,8,5
93,76,89,12
100,67,74,11
85,39,32,0
46,36,12,0
123,81,121,23
100,71,68,6
79,71,78,59
103,55,37,2
102,77,81,11
45,27,13,0
83,85,70,36
117,75,124,9
39,22,14,0
37,31,6,0
41,34,6,4
49,41,20,0
99,56,45,6
106,74,108,13
83,97,113,45
85,57,31,19
84,44,63,5
36,20,17,0
27,20,14,5
39,26,13,2
25,26,5,0
97,44,98,11
94,62,95,9
47,40,14,3
98,92,147,21
97,76,93,15
68,40,11,4
91,66,53,9
107,87,149,24
40,31,13,0
33,28,10,2
76,41,15,0
98,51,97,52
41,25,8,0
37,31,8,0
109,67,106,13
106,82,97,18
35,18,10,3
45,27,21,0
97,74,76,11
78,91,96,49
51,29,8,0
33,26,14,5
100,65,72,6
27,19,9,1
88,89,104,72
32,32,4,1
35,29,11,1
42,69,118,17
92,74,76,13
91,43,31,2
34,26,12,3
111,74,148,27
61,25,18,1
105,84,136,62
20,23,14,2
32,25,15,0
79,34,11,1
120,78,112,21
26,19,10,0
36,30,5,0
28,23,4,2
41,31,8,0
81,37,27,1
49,35,10,0
29,24,7,1
90,73,121,26
42,27,17,6
97,72,106,11
35,32,18,0
45,28,14,0
111,74,82,12
104,65,80,19
32,22,9,0
38,31,11,0
87,58,65,29
40,39,9,2
106,69,91,10
110,78,63,4
43,29,11,0
102,85,75,11
35,28,14,0
93,96,97,53
97,58,70,8
40,28,17,1
112,80,118,18
75,34,20,3
101,66,82,10
35,29,12,2
117,59,37,4
39,31,7,0
91,84,104,40
33,30,7,1
105,84,106,26
84,34,26,1
105,64,65,34
87,70,98,22
82,102,79,64
48,29,12,3
96,93,105,48
106,37,37,4
103,61,83,9
91,86,96,46
115,74,111,8
14,18,20,2
39,27,20,1
101,85,112,6
92,73,69,6
94,66,89,12
77,38,28,1
53,37,13,0
100,68,74,7
105,95,135,13
44,38,12,2
84,71,82,9
27,23,15,2
37,37,7,3
91,65,150,61
71,51,28,1
32,27,16,0
108,86,172,39
98,45,37,2
109,89,115,21
92,69,58,8
72,100,90,61
98,73,84,10
92,72,74,4
38,28,10,0
33,32,8,3
31,23,11,1
105,82,105,13
95,65,88,4
92,61,74,10
30,23,15,2
45,36,9,2
93,70,104,13
34,25,5,4
27,28,8,0
39,35,6,3
100,86,117,19
43,28,9,3
100,78,110,12
119,80,179,24
106,74,106,18
32,24,12,1
32,39,11,0
38,30,10,1
35,34,12,2
49,30,13,1
51,30,9,3
101,90,122,70
104,90,77,9
50,45,19,0
49,35,15,1
81,35,23,0
56,27,6,9
35,29,8,0
118,89,120,28
43,36,13,0
118,73,156,21
35,24,15,0
47,39,9,0
114,81,105,8
89,70,75,30
27,17,11,0
94,74,95,15
100,77,80,10
71,84,110,71
111,65,116,13
100,65,93,1
111,62,99,13
36,34,7,0
92,80,98,6
110,72,63,17
120,60,94,15
98,45,21,0
51,26,21,2
65,35,24,0
33,26,5,3
33,20,12,7
90,32,28,3
109,70,92,12
39,28,7,5
36,22,7,3
35,28,17,1
50,32,17,0
44,33,12,0
41,26,15,0
113,72,124,14
37,33,13,4
105,73,77,1
100,84,126,12
36,30,14,3
32,32,10,6
101,38,25,1
33,26,16,2
100,90,100,1
37,31,15,0
95,65,67,10
38,35,39,9
45,20,16,0
122,75,112,14
104,91,120,70
100,80,111,16
34,26,11,0
53,29,8,0
32,27,12,2
28,27,4,0
47,28,14,0
101,66,94,11
99,80,77,7
49,31,12,0
29,24,14,0
96,90,71,22
78,76,85,50
112,54,116,12
36,26,7,1
98,74,66,7
120,71,107,18
50,24,15,3
48,25,16,2
99,66,90,11
34,23,9,2
76,83,137,65
40,36,22,1
106,65,68,13
85,30,27,1
108,73,89,21
102,68,74,10
39,36,12,0
28,26,9,2
48,31,13,0
43,29,10,0
46,43,11,2
36,36,5,0
95,63,85,10
109,74,97,14
44,32,8,0
35,35,6,4
114,70,116,17
47,41,14,2
107,93,132,23
31,25,2,0
108,55,17,0
90,42,21,2
100,59,82,11
89,62,59,10
43,30,11,1
99,66,85,11
98,61,99,16
27,19,12,1
105,71,98,13
